{"name":"86875ea1-20b5-42ff-bcb3-79b4eaf2f14c","id":"/providers/Microsoft.Flow/flows/86875ea1-20b5-42ff-bcb3-79b4eaf2f14c","type":"Microsoft.Flow/flows","properties":{"apiId":"/providers/Microsoft.PowerApps/apis/shared_logicflows","displayName":"Release - Meet Analyzer","definition":{"metadata":{"workflowEntityId":null,"processAdvisorMetadata":null,"flowclientsuspensionreason":"None","flowclientsuspensiontime":null,"creator":{"id":"9b6e2028-fc3d-4cd5-b44e-990d370dc5c2","type":"User","tenantId":"8a3f6eff-e984-43cc-b7b4-d1463d4de63f"},"provisioningMethod":"FromDefinition","failureAlertSubscription":true,"clientLastModifiedTime":"2021-05-23T05:31:21.9674903Z"},"$schema":"https://schema.management.azure.com/providers/Microsoft.Logic/schemas/2016-06-01/workflowdefinition.json#","contentVersion":"1.0.0.0","parameters":{"$connections":{"defaultValue":{},"type":"Object"},"$authentication":{"defaultValue":{},"type":"SecureObject"}},"triggers":{"When_a_file_is_created_(properties_only)":{"recurrence":{"frequency":"Minute","interval":5},"splitOn":"@triggerBody()","metadata":{"6e202211-2856-4d17-9ded-5beb8b8626b0":"/","flowSystemMetadata":{"swaggerOperationId":"OnNewFiles"}},"type":"ApiConnection","inputs":{"host":{"connection":{"name":"@parameters('$connections')['shared_onedriveforbusiness']['connectionId']"},"api":{"runtimeUrl":"https://unitedstates-002.azure-apim.net/apim/onedriveforbusiness"}},"method":"get","path":"/datasets/default/triggers/batch/onnewfile","queries":{"folderId":"6e202211-2856-4d17-9ded-5beb8b8626b0"},"authentication":"@parameters('$authentication')"}}},"actions":{"Create_share_link":{"runAfter":{},"metadata":{"flowSystemMetadata":{"swaggerOperationId":"CreateShareLink"}},"type":"ApiConnection","inputs":{"host":{"connection":{"name":"@parameters('$connections')['shared_onedriveforbusiness']['connectionId']"},"api":{"runtimeUrl":"https://unitedstates-002.azure-apim.net/apim/onedriveforbusiness"}},"method":"post","path":"/datasets/default/files/@{encodeURIComponent(encodeURIComponent(triggerBody()?['Id']))}/share","queries":{"type":"Direct","scope":"Anonymous"},"authentication":"@parameters('$authentication')"}},"Get_Account_Access_Token":{"runAfter":{"Create_share_link":["Succeeded"]},"metadata":{"flowSystemMetadata":{"swaggerOperationId":"Get-Account-Access-Token"}},"type":"ApiConnection","inputs":{"host":{"connection":{"name":"@parameters('$connections')['shared_videoindexer-v2']['connectionId']"},"api":{"runtimeUrl":"https://unitedstates-002.azure-apim.net/apim/videoindexer-v2"}},"method":"get","path":"/auth/@{encodeURIComponent('trial')}/Accounts/@{encodeURIComponent('989ad5da-57d1-4f5c-9030-bbbc031893cd')}/AccessToken","queries":{"allowEdit":true},"authentication":"@parameters('$authentication')"}},"Upload_video_and_index":{"runAfter":{"Get_Account_Access_Token":["Succeeded"]},"metadata":{"flowSystemMetadata":{"swaggerOperationId":"Upload-video"}},"type":"ApiConnection","inputs":{"host":{"connection":{"name":"@parameters('$connections')['shared_videoindexer-v2']['connectionId']"},"api":{"runtimeUrl":"https://unitedstates-002.azure-apim.net/apim/videoindexer-v2"}},"method":"post","path":"/@{encodeURIComponent('trial')}/Accounts/@{encodeURIComponent('989ad5da-57d1-4f5c-9030-bbbc031893cd')}/Videos","queries":{"accessToken":"@body('Get_Account_Access_Token')","name":"@triggerBody()?['Name']","videoUrl":"@body('Create_share_link')?['WebUrl']","callbackUrl":""},"body":{"$content-type":"multipart/form-data","$multipart":[{"headers":{"Content-Disposition":"form-data; name=\"body\""},"body":""}]},"authentication":"@parameters('$authentication')"}},"Do_until":{"actions":{"Get_Video_Index":{"runAfter":{},"metadata":{"flowSystemMetadata":{"swaggerOperationId":"Get-Video-Index"}},"type":"ApiConnection","inputs":{"host":{"connection":{"name":"@parameters('$connections')['shared_videoindexer-v2']['connectionId']"},"api":{"runtimeUrl":"https://unitedstates-002.azure-apim.net/apim/videoindexer-v2"}},"method":"get","path":"/@{encodeURIComponent('trial')}/Accounts/@{encodeURIComponent('989ad5da-57d1-4f5c-9030-bbbc031893cd')}/Videos/@{encodeURIComponent(body('Upload_video_and_index')?['id'])}/Index","queries":{"accessToken":"@body('Get_Account_Access_Token')","language":"English"},"authentication":"@parameters('$authentication')"}}},"runAfter":{"Upload_video_and_index":["Succeeded"]},"expression":"@equals(body('Get_Video_Index')?['state'], 'Processed')","limit":{"count":300,"timeout":"PT1H"},"type":"Until"},"JSON_구문_분석":{"runAfter":{"Do_until":["Succeeded"]},"type":"ParseJson","inputs":{"content":"@body('Get_Video_Index')?['summarizedInsights']","schema":{"type":"object","properties":{"type":{"type":"string"},"properties":{"type":"object","properties":{"name":{"type":"object","properties":{"type":{"type":"string"}}},"id":{"type":"object","properties":{"type":{"type":"string"}}},"privacyMode":{"type":"object","properties":{"type":{"type":"string"}}},"duration":{"type":"object","properties":{"type":{"type":"string"},"properties":{"type":"object","properties":{"time":{"type":"object","properties":{"type":{"type":"string"}}},"seconds":{"type":"object","properties":{"type":{"type":"string"}}}}}}},"thumbnailVideoId":{"type":"object","properties":{"type":{"type":"string"}}},"thumbnailId":{"type":"object","properties":{"type":{"type":"string"}}},"faces":{"type":"object","properties":{"type":{"type":"string"}}},"keywords":{"type":"object","properties":{"type":{"type":"string"}}},"sentiments":{"type":"object","properties":{"type":{"type":"string"},"items":{"type":"object","properties":{"type":{"type":"string"},"properties":{"type":"object","properties":{"sentimentKey":{"type":"object","properties":{"type":{"type":"string"}}},"appearances":{"type":"object","properties":{"type":{"type":"string"},"items":{"type":"object","properties":{"type":{"type":"string"},"properties":{"type":"object","properties":{"startTime":{"type":"object","properties":{"type":{"type":"string"}}},"endTime":{"type":"object","properties":{"type":{"type":"string"}}},"startSeconds":{"type":"object","properties":{"type":{"type":"string"}}},"endSeconds":{"type":"object","properties":{"type":{"type":"string"}}}}},"required":{"type":"array","items":{"type":"string"}}}}}},"seenDurationRatio":{"type":"object","properties":{"type":{"type":"string"}}}}},"required":{"type":"array","items":{"type":"string"}}}}}},"audioEffects":{"type":"object","properties":{"type":{"type":"string"}}},"labels":{"type":"object","properties":{"type":{"type":"string"}}},"brands":{"type":"object","properties":{"type":{"type":"string"}}},"statistics":{"type":"object","properties":{"type":{"type":"string"},"properties":{"type":"object","properties":{"correspondenceCount":{"type":"object","properties":{"type":{"type":"string"}}},"speakerTalkToListenRatio":{"type":"object","properties":{"type":{"type":"string"},"properties":{"type":"object","properties":{}}}},"speakerLongestMonolog":{"type":"object","properties":{"type":{"type":"string"},"properties":{"type":"object","properties":{}}}},"speakerNumberOfFragments":{"type":"object","properties":{"type":{"type":"string"},"properties":{"type":"object","properties":{}}}},"speakerWordCount":{"type":"object","properties":{"type":{"type":"string"},"properties":{"type":"object","properties":{}}}}}}}}}}}}}},"각각에_적용_2":{"foreach":"@body('JSON_구문_분석')?['keywords']","actions":{"JSON_구문_분석_2":{"runAfter":{},"type":"ParseJson","inputs":{"content":"@items('각각에_적용_2')","schema":{"type":"object","properties":{"isTranscript":{"type":"boolean"},"id":{"type":"integer"},"name":{"type":"string"},"appearances":{"type":"array","items":{"type":"object","properties":{"startTime":{"type":"string"},"endTime":{"type":"string"},"startSeconds":{"type":"number"},"endSeconds":{"type":"number"}},"required":["startTime","endTime","startSeconds","endSeconds"]}}}}}},"데이터_세트에_행_추가":{"runAfter":{"JSON_구문_분석_2":["Succeeded"]},"metadata":{"flowSystemMetadata":{"swaggerOperationId":"AddRows"}},"type":"ApiConnection","inputs":{"host":{"connection":{"name":"@parameters('$connections')['shared_powerbi']['connectionId']"},"api":{"runtimeUrl":"https://unitedstates-002.azure-apim.net/apim/powerbi"}},"method":"post","body":{"id":"@{body('JSON_구문_분석_2')?['id']}","name":"@body('JSON_구문_분석_2')?['name']"},"path":"/v1.0/myorg/groups/@{encodeURIComponent('99e398a5-e3a2-4ec4-88fe-98c2b4d5f885')}/datasets/@{encodeURIComponent('8fbca70f-28d3-4bae-8856-1f2d5f4c46a6')}/tables/@{encodeURIComponent('RealTimeData')}/rows","queries":{"pbi_source":"powerAutomate"},"authentication":"@parameters('$authentication')"}}},"runAfter":{"JSON_구문_분석":["Succeeded"]},"type":"Foreach"}},"outputs":{},"description":"미팅 영상 데이터 분석 자동화 로직"},"connectionReferences":{"shared_onedriveforbusiness":{"connectionName":"shared-onedriveforbu-10f21661-451c-40f4-ab29-e8aa-9fda35f6","source":"Embedded","id":"/providers/Microsoft.PowerApps/apis/shared_onedriveforbusiness","tier":"NotSpecified"},"shared_videoindexer-v2":{"connectionName":"shared-videoindexer--061ddf62-79ea-4592-9443-cd7d-821d7512","source":"Embedded","id":"/providers/Microsoft.PowerApps/apis/shared_videoindexer-v2","tier":"NotSpecified"},"shared_powerbi":{"connectionName":"shared-powerbi-ff6b82bc-37c1-45d7-89d0-8e19-6d402f05","source":"Embedded","id":"/providers/Microsoft.PowerApps/apis/shared_powerbi","tier":"NotSpecified"}},"flowFailureAlertSubscribed":false}}