{"schemaVersion":"1.0","appDefinitionTemplate":{"id":"/providers/Microsoft.PowerApps/apps/","type":"Microsoft.PowerApps/apps","tags":{"primaryDeviceWidth":"1366","primaryDeviceHeight":"1024","sienaVersion":"20210523T052401Z-3.21051.29.0","deviceCapabilities":"","supportsPortrait":"false","supportsLandscape":"true","primaryFormFactor":"Tablet","publisherVersion":"3.21051.29","minimumRequiredApiVersion":"2.2.0","hasComponent":"false","hasUnlockedComponent":"false","isUnifiedRootApp":"false"},"properties":{"appVersion":"2021-05-23T05:24:01Z","lifeCycleId":"Published","createdByClientVersion":{"major":3,"minor":21051,"build":29,"revision":0,"majorRevision":0,"minorRevision":0},"minClientVersion":{"major":3,"minor":21051,"build":29,"revision":0,"majorRevision":0,"minorRevision":0},"backgroundColor":"rgba(0, 176, 240, 1)","backgroundImageUri":"/4977669900965228247/N5b4995c0-03f3-4749-8a32-746800550ae8-logoSmallFile","displayName":"TeamMarvelous","description":"","commitMessage":"","appUris":{"documentUri":{"value":"/4977669900965228247/Nbb72ed89-3751-4001-8645-270051935dc9-document.msapp"},"imageUris":[]},"createdTime":"0001-01-01T00:00:00Z","lastModifiedTime":"0001-01-01T00:00:00Z","sharedGroupsCount":0,"sharedUsersCount":0,"icons":{"smallIconUri":"/4977669900965228247/Nd488235a-3969-41d2-b8a1-a40759090bd7-small.png","mediumIconUri":"/4977669900965228247/N6d77ab61-99da-4bd2-8a34-2cf728c285c7-medium.png","largeIconUri":"/4977669900965228247/N39544ee1-2aa5-49c8-8634-3d58deb764ef-large.png","wideIconUri":"/4977669900965228247/N05f871c2-0b31-4dd7-886c-8660416f92d5-wide.png"},"connectionReferences":{},"authorizationReferences":[{"resourceId":"powerbi"}],"databaseReferences":{},"almMode":"Environment","performanceOptimizationEnabled":true,"canConsumeAppPass":true,"executionRestrictions":{"isTeamsOnly":false,"dataLossPreventionEvaluationResult":{"status":"Compliant","lastEvaluationDate":"2021-05-21T17:44:54.6729755Z","violations":[],"violationsByPolicy":[],"violationErrorMessage":"앱에서 사용하는 커넥터는 다음과 같습니다. "}}},"isAppComponentLibrary":false,"appType":"ClassicCanvasApp","appComponents":[]}}